30,http://www.imdb.com/title/tt0115012/
121,http://www.imdb.com/title/tt0106473/
124,http://www.imdb.com/title/tt0114808/
127,http://www.imdb.com/title/tt0111055/
213,http://www.imdb.com/title/tt0111579/
243,http://www.imdb.com/name/nm0932336/
264,http://www.imdb.com/title/tt0475702/
267,http://www.imdb.com/title/tt0110443/
284,http://www.imdb.com/title/tt0117169/
293,http://www.imdb.com/title/tt0252503/
326,http://www.imdb.com/title/tt0044741/
346,http://www.imdb.com/title/tt0106339/
403,http://www.imdb.com/title/tt0112889/
565,http://www.imdb.com/title/tt0104029/
571,http://www.imdb.com/title/tt1085516/
573,http://www.imdb.com/title/tt0870089/
583,http://www.imdb.com/title/tt0109382/
615,http://www.imdb.com/title/tt0070506/
649,http://www.imdb.com/title/tt0109028/
657,http://www.imdb.com/title/tt0111787/
666,http://www.imdb.com/title/tt0113720/
683,http://www.imdb.com/title/tt0107727/
763,http://www.imdb.com/title/tt0116833/
771,http://www.imdb.com/title/tt0161066/
815,http://www.imdb.com/title/tt0114170/
826,http://www.imdb.com/title/tt0112865/
844,http://www.imdb.com/title/tt12839056/
845,http://www.imdb.com/title/tt0111424/
871,http://www.imdb.com/title/tt0116934/
872,http://www.imdb.com/name/nm2018839/
922,http://www.imdb.com/title/tt0043014/
1001,http://www.imdb.com/title/tt0115580/
1010,http://www.imdb.com/title/tt10373728/
1024,http://www.imdb.com/title/tt4838442/
1058,http://www.imdb.com/title/tt0115600/
1118,http://www.imdb.com/title/tt0114622/
1119,http://www.imdb.com/title/tt0112907/
1121,http://www.imdb.com/title/tt0116422/
1156,http://www.imdb.com/title/tt0034493/
1223,http://www.imdb.com/title/tt0104361/
1349,http://www.imdb.com/title/tt0091651/
1368,http://www.imdb.com/title/tt0042354/
1450,http://www.imdb.com/title/tt0116754/
1474,http://www.imdb.com/title/tt0119432/
1642,http://www.imdb.com/title/tt0107212/
1664,http://www.imdb.com/title/tt10484330/
1713,http://www.imdb.com/title/tt11585520/
1741,http://www.imdb.com/title/tt0112619/
1781,http://www.imdb.com/title/tt0116379/
1789,http://www.imdb.com/title/tt0114322/
1868,http://www.imdb.com/title/tt1697986/
1873,http://www.imdb.com/title/tt1707386/
1933,http://www.imdb.com/title/tt0029146/
2030,http://www.imdb.com/title/tt0119007/
2063,http://www.imdb.com/title/tt0115083/
2092,http://www.imdb.com/title/tt0107952/
2131,http://www.imdb.com/title/tt0077711/
2172,http://www.imdb.com/title/tt0120692/
2175,http://www.imdb.com/title/tt0119033/
2213,http://www.imdb.com/title/tt0024747/
2238,http://www.imdb.com/title/tt0075040/
2239,http://www.imdb.com/title/tt0291502/
2324,http://www.imdb.com/title/tt0118799/
2365,http://www.imdb.com/title/tt0056142/
2480,http://www.imdb.com/title/tt0119773/
2483,http://www.imdb.com/title/tt2402573/
2484,http://www.imdb.com/title/tt0120095/
2495,http://www.imdb.com/title/tt0070544/
2512,http://www.imdb.com/title/tt0051980/
2544,http://www.imdb.com/title/tt0157208/
2564,http://www.imdb.com/title/tt2727252/
2575,http://www.imdb.com/title/tt0120449/
2585,http://www.imdb.com/title/tt0133363/
2588,http://www.imdb.com/title/tt0432264/
2591,http://www.imdb.com/title/tt0123923/
2602,http://www.imdb.com/title/tt0076164/
2611,http://www.imdb.com/title/tt0155388/
2614,http://www.imdb.com/title/tt0090837/
2630,http://www.imdb.com/title/tt0149723/
2673,http://www.imdb.com/title/tt0156794/
2696,http://www.imdb.com/title/tt3983934/
2698,http://www.imdb.com/title/tt0120554/
2705,http://www.imdb.com/title/tt1455164/
2740,http://www.imdb.com/title/tt9742392/
2742,http://www.imdb.com/name/nm0000153/
2760,http://www.imdb.com/title/tt0067411/
2783,http://www.imdb.com/title/tt12169892/
2790,http://www.imdb.com/title/tt0193946/
2801,http://www.imdb.com/title/tt0119843/
2845,http://www.imdb.com/title/tt6231876/
2848,http://www.imdb.com/title/tt0184791/
2853,http://www.imdb.com/title/tt0076150/
2868,http://www.imdb.com/title/tt0097390/
2869,http://www.imdb.com/title/tt9173154/
2879,http://www.imdb.com/title/tt0099558/
2880,http://www.imdb.com/title/tt0091431/
2897,http://www.imdb.com/title/tt0087188/
2910,http://www.imdb.com/title/tt1586745/
2922,http://www.imdb.com/title/tt0061747/
2923,http://www.imdb.com/title/tt3406706/
2931,http://www.imdb.com/title/tt0097223/
2952,http://www.imdb.com/title/tt4196284/
2960,http://www.imdb.com/title/tt0187712/
2972,http://www.imdb.com/title/tt0093206/
3065,http://www.imdb.com/title/tt0114008/
3080,http://www.imdb.com/title/tt1926992/
3084,http://www.imdb.com/title/tt0144969/
3086,http://www.imdb.com/title/tt0024852/
3123,http://www.imdb.com/title/tt0097717/
3158,http://www.imdb.com/title/tt0162866/
3164,http://www.imdb.com/title/tt7941864/
3177,http://www.imdb.com/title/tt0195945/
3189,http://www.imdb.com/title/tt0156812/
3202,http://www.imdb.com/title/tt0065436/
3216,http://www.imdb.com/title/tt0066380/
3227,http://www.imdb.com/title/tt3950512/
3237,http://www.imdb.com/title/tt0183065/
3241,http://www.imdb.com/title/tt7415108/
3242,http://www.imdb.com/title/tt0126651/
3265,http://www.imdb.com/title/tt0104684/
3266,http://www.imdb.com/title/tt0103905/
3318,http://www.imdb.com/title/tt0158583/
3321,http://www.imdb.com/title/tt5883628/
3348,http://www.imdb.com/title/tt0100254/
3369,http://www.imdb.com/title/tt0057344/
3376,http://www.imdb.com/title/tt0041705/
3416,http://www.imdb.com/title/tt4687880/
3470,http://www.imdb.com/title/tt0071411/
3472,http://www.imdb.com/title/tt0074455/
3532,http://www.imdb.com/title/tt0022599/
3558,http://www.imdb.com/title/tt12344428/
3567,http://www.imdb.com/title/tt0180837/
3577,http://www.imdb.com/title/tt0096324/
3583,http://www.imdb.com/title/tt0053726/
3592,http://www.imdb.com/title/tt0084315/
3595,http://www.imdb.com/title/tt0165831/
3630,http://www.imdb.com/title/tt5738236/
3645,http://www.imdb.com/title/tt0055852/
3650,http://www.imdb.com/title/tt0090644/
3652,http://www.imdb.com/title/tt0081318/
3721,http://www.imdb.com/title/tt0162711/
3746,http://www.imdb.com/title/tt0082122/
3749,http://www.imdb.com/title/tt0189142/
3761,http://www.imdb.com/title/tt2010927/
3762,http://www.imdb.com/title/tt0050292/
3772,http://www.imdb.com/title/tt0064904/
3787,http://www.imdb.com/title/tt0215369/
3789,http://www.imdb.com/title/tt2256504/
3796,http://www.imdb.com/title/tt0120894/
3808,http://www.imdb.com/title/tt0054749/
3817,http://www.imdb.com/title/tt0117817/
3842,http://www.imdb.com/title/tt0082700/
3845,http://www.imdb.com/title/tt0049189/
3854,http://www.imdb.com/title/tt0130444/
3860,http://www.imdb.com/title/tt12664644/
3867,http://www.imdb.com/title/tt0118590/
3902,http://www.imdb.com/title/tt0210717/
3904,http://www.imdb.com/title/tt0188694/
3935,http://www.imdb.com/title/tt0060036/
